[{"dev": "AM107-2", "val": {"activity": 100, "co2": 2000, "humidity": 33, "date": "18-01-2023 18:01:25"}}, {"dev": "AM107-2", "val": {"activity": 20, "co2": 651, "humidity": 33, "date": "19-01-2023 18:01:25"}}, {"dev": "AM107-2", "val": {"activity": 0, "co2": 453, "humidity": 34, "date": "19-01-2023 00:31:25"}}, {"dev": "AM107-2", "val": {"activity": 0, "co2": 456, "humidity": 34, "date": "19-01-2023 00:41:24"}}, {"dev": "AM107-2", "val": {"activity": 0, "co2": 457, "humidity": 34, "date": "19-01-2023 00:51:25"}}, {"dev": "AM107-2", "val": {"activity": 0, "co2": 457, "humidity": 34, "date": "20-01-2023 00:51:25"}}]